"","North.America","South.America","Eurasia","Africa","Australia"
"North.America",NA,0.169124877089479,0.021021021021021,0.00505305709954523,0
"South.America",NA,NA,0.000836820083682008,0.000843525938422606,0
"Eurasia",NA,NA,NA,0.073661670235546,0.00791034937376401
"Africa",NA,NA,NA,NA,0.00133511348464619
"Australia",NA,NA,NA,NA,NA
