"","Africa","North.America","South.America","Eurasia","Australia"
"Africa",NA,NA,NA,NA,0.00134589502018843
"North.America",0.00510725229826353,NA,0.162350597609562,0.020273694880892,0
"South.America",0.000851063829787234,NA,NA,0.000845665961945032,0
"Eurasia",0.0734341252699784,NA,NA,NA,0.00666222518321119
"Australia",NA,NA,NA,NA,NA
